id;name;category;price;description;bigImgUrl;smallImgUrl;url
0;CYPIOBOL-250(TEST.CYPIONATE)250MG/ML 10ml;Alchemia;120 ;"
Testosterone Cypionate (CYPIOBOL-250) 250mg/ml w 10ml flakonie , jest kolejnym z testosteronów produkowanym przez Alchemia-pharma.
Cypionat praktycznie nie różni się niczym od kuzyna czyli Enanthate , jedyna różnica między nimi to że cypionat ma dłuższy o 24h okres półtrwania od enana.
Ta czasowa różnica jednak nie ma znaczenia przy iniekcjach , większość sportowców poleca stosować go raz , ewentualnie 2 razy w tygodniu przy stężeniach od 250mg do 600mg.
Większe stężenia nie mają praktycznie sensu ze względu na nasilenie się efektów ubocznych występujących przy testosteronach.
Należy pamiętać że testosteron to budulec masy i siły , rzadko jest wykorzystywany przy definicji , przy odpowiednich dawkach wspomaga spalania tkanki tłuszczowej , przy zażywaniu cypionatu uważajmy na estrogeny , dlatego po każdym cyklu niezbędny jest odpowiedni odblok .
Środki do odbloku również można zakupić na naszej stronie.
";https://euro-sterydy.pl/wp-content/uploads/2020/02/cypiobol-250-tesosteron-cypionat.jpg;https://euro-sterydy.pl/wp-content/uploads/2020/02/cypiobol-250-tesosteron-cypionat-300x300.jpg;https://euro-sterydy.pl/product/cypiobol-250test-cypionate250mg-ml-10ml/
1;DECANABOL-250(DECA) 250MG/ML 10ml;Alchemia;140 ;"
Firma Alchemia-Pharma prezentuje Decanabol czyli popularną Dece o stężeniu 250mg/ml sprzedawaną we flakonach 10ml.
Decanabol to tzw. długa deca , środek który w obiegu jest już od 1962 roku a cechuje go bardzo długa „obecność” w organizmie od 7 do 14 dni.
Deca jest obok testosteronu jednym z najpopularniejszych sterydów na świecie a zawdzięcza to swoim właściwością.
Środek jest ten takim powolnym budowniczym który najlepiej wykorzystywać przy długich cyklach ,doskonale komponuje się z winstrolem dla lepszych efektów.
Przy odpowiednim dawkowaniu nie grozi nam trądzik ani łysienie,należy pamiętać że przy stosowaniu decanabolu niezbędny jest odpowiedni „odblok”(clomid , Hcg).
Przy badaniach nad Decą zauważono bardzo dobry wpływ na układ immunologiczny pacjentów.
W Internecie znajdziemy wiele artykułów i ciekawych informacji na temat powyższego środka.
";https://euro-sterydy.pl/wp-content/uploads/2020/02/decanabol-250deca-nandrolone-deca.jpg;https://euro-sterydy.pl/wp-content/uploads/2020/02/decanabol-250deca-nandrolone-deca-300x300.jpg;https://euro-sterydy.pl/product/decanabol-250deca-250mg-ml-10ml/
2;ENABOL-250(TEST.ENANTHATE)250MG/ML 10ml;Alchemia;120 ;"
Alchemia-pharma przedstawia ENABOL-250:
Chyba najpopularniejszy z rodziny testosteronów , Enantat czyli długi ester, długo działający ,okres półtrwania w organiźmie dochodzi do 14 dni.
Przy stężeniach od 250mg do 1000mg tygodniowo zaobserwujemy poprawę wydolności organizmu i przyrost masy mięśniowej.
Ze względu na efekty estrogenowe : ginekomastia itp, podczas stosowania kuracji , w trakcie powinno stosować się takie środki jak proviron, arimidex, aromasin.
Testosteron Enathate a inne środki ? Mieszanie testosteronu z innymi SAA to kwestia otwarta , należy pamiętać natomiast że enan nie jest polecany dla kobiet.
Jak po każdej kuracji z popularnym teściem należy pamiętać o odbloku.
";https://euro-sterydy.pl/wp-content/uploads/2020/02/enabol-250-enanthate-testosteron-enathat.jpg;https://euro-sterydy.pl/wp-content/uploads/2020/02/enabol-250-enanthate-testosteron-enathat-300x300.jpg;https://euro-sterydy.pl/product/enabol-250test-enanthate250mg-ml-10ml/
3;EQUI-BOL-250 (BOLDENONE )250MG/ML 10ml;Alchemia;130 ;"
Equi-Bol-250 wyprodukowany przez firmę Alchemia-Pharma to nic innego jak popularny Boldenon o stężeniu 250mg/ml  sprzedawany na naszej stronie we flakonie 10ml.
Boldenon jest pochodną testosteronu który charakteryzuje się silnymi właściwościami anabolicznymi a umiarkowanymi androgennymi.
Weterynarze wykorzystują go do poprawy masy mięśniowej i ogólnej dyspozycji np u koni.
Sportowcy często wykorzystują Boldenon jako zamiennik popularnego Decanabolu , od którego Boldenol jest mniej androgenny a daje zbliżone efekty.
Jeżeli chodzi o skutki uboczne powyższego środka to są one umiarkowane , a na pewno łagodniejsze jeżeli chodzi o estrogeny niż w popularnym testosteronie.
Sportowcy zauważyli że retencja wody w organiźmie jest większa niż w Decanabolu ,ale z kolei nieco większa niż w testosteronie.
Przy odpowiednim dawkowaniu i nie przesadzaniu ze stężeniem , działania związane z estrogenem , ginekomastią nie są częste , przy czym i tak zaznaczamy że dużo zależy od organizmu.
Przy stosowaniu Boldenonu powinniśmy pamiętać o odblokowaniu organizmu bo jak każdy środek androgenny przyblokuje on nam nasz testosteron.
Dlatego użytkownikom polecamy Clomid i HCG również dostępne na naszej stronie.
Jeżeli chodzi o dawkowanie to są różne koncepcje osób go stosujących , pewne jest natomiast to że powinno się go stosować minimum raz w tygodniu , on sam ma dosyć długie działanie w naszym organizmie , dawki od 25mg do 75mg tygodniowo u sportowców przy dłuższych cyklach dają w efekcie wspaniałe rezultaty.
Po Boldenonie mięśnie mają suchy i twardy wygląd nawet już po zakończeniu cyklu, jest on uniwersalny i łączenie go z innymi środkami jest zależne od naszej wiedzy i efektów jakie chcemy osiągnąć.
";https://euro-sterydy.pl/wp-content/uploads/2020/02/equi-bol-250-boldenone-boldenon.jpg;https://euro-sterydy.pl/wp-content/uploads/2020/02/equi-bol-250-boldenone-boldenon-300x300.jpg;https://euro-sterydy.pl/product/equi-bol-250-boldenone-250mg-ml-10ml/
4;MASTABOL-100(MASTERON-PROPIONATE)100MG/ML 10ml;Alchemia;170 ;"
Mastabol-100 sprzedawany na naszej stronie charakteryzuje się stężeniem 100mg/ml we flakonie 10ml.
Producentem tego produktu jest firma Alchemia-pharma.
Masteron to syntetyczna pochodna dihydrotestosteronu, co daje nam wspaniałe rezultaty i co najważniejsze nie aromatyzuje w żadnej dawce.
Na temat Masteronu napisaliśmy wiele na naszej stronie jeżeli wejdą państwo do jego odmiany Masteron Enanthate , czyli dłuższa postać .
Masteron Propionat charakteryzuje się szybkim czasem półtrwania , co za tym idzie musimy spodziewać się iniekcji przynajmniej 3 razy w tygodniu.
Co do dawkowania to jest to zależne od naszego poziomu zaawansowania , stażu treningowego itp.
100mg 3 razy w tygodniu to najczęściej spotykana dawka zażywana przez sportowców.
Wśród kulturystów panuje przekonanie że jego używanie odbywa się w końcowym etapie przygotowań do zawodów ,aby jeszcze bardziej ucharakteryzować nasze mięsnie.
Jeżeli chodzi o stosowanie przez kobiety to jest to niedozwolone.
Zażywając go nie musimy obawiać się o naszą wątrobę , a efektem ubocznym masteronu jest przyspieszenia łysienia i trądzik.
Zaobserwowano u sportowców że wpływ na końcowe efekty i rezultaty ma zawartość tłuszczu u przyjmującego masteron, warunkiem dobrych rezultatów jest niska zawartość tłuszczu w organizmie.
";https://euro-sterydy.pl/wp-content/uploads/2020/02/mastabol-100masteron-propionate-drostanolan.jpg;https://euro-sterydy.pl/wp-content/uploads/2020/02/mastabol-100masteron-propionate-drostanolan-300x300.jpg;https://euro-sterydy.pl/product/mastabol-100masteron-propionate100mg-ml-10ml/
5;PHENABOL-100(SZYBKA DECA)100MG/ML 10ml;Alchemia;120 ;"
Nandrolone Phenylpropionate to tzw. krótka deka .
Firma Alchemia-pharma produkuje ją w flakonach 10ml o stężeniu 100mg/ml o nazwie Phenabol-100.
O dece napisaliśmy już na stronie sporo , jeżeli chodzi o „krótką dece” jej charakterystycznymi cechami są :
Deca dzięki niskiej androgenności nie wyniszcza nam organizmu , praktycznie jedynym jej skutkiem ubocznym jest mocne blokowanie testosteronu , dlatego odradza się branie jej w pojedynkę.
Kolejnym plusem krótkiej deci jest to że dosyć krótko utrzymuje się w organizmie ok.3 dni , dlatego dawkowanie powinno być co 2 dni po 100mg.
Niektórzy uważają że o wiele łatwiej możemy odkręcić skutki uboczne krótkich estrów niż długich , dla tych co nie lubią częstych iniekcji , polecamy długą dece.
";https://euro-sterydy.pl/wp-content/uploads/2020/02/phenabol-100-szybka-deca.jpg;https://euro-sterydy.pl/wp-content/uploads/2020/02/phenabol-100-szybka-deca-300x300.jpg;https://euro-sterydy.pl/product/phenabol-100szybka-deca100mg-ml-10ml/
6;PRIMABOL-100(PRIMOBOLAN DEPOT)100MG/ML 10ml;Alchemia;170 ;;https://euro-sterydy.pl/wp-content/uploads/2020/02/primabol-100-primobolan-depot.jpg;https://euro-sterydy.pl/wp-content/uploads/2020/02/primabol-100-primobolan-depot-300x300.jpg;https://euro-sterydy.pl/product/primabol-100primobolan-depot100mg-ml-10ml/
7;PROPIOBOL-100(TEST.PROPIONATE)100MG/ML 10ml;Alchemia;80 ;;https://euro-sterydy.pl/wp-content/uploads/2020/02/propiobol-propionate-testosteron-anaboliki-sklep-online.jpg;https://euro-sterydy.pl/wp-content/uploads/2020/02/propiobol-propionate-testosteron-anaboliki-sklep-online-300x300.jpg;https://euro-sterydy.pl/product/propiobol-100test-propionate100mg-ml-10ml/
8;SUSTABOL-250(TEST.MIX)250MG/ML 10ml;Alchemia;120 ;"
Kolejny produkt z rodziny testosteronów to Sustabol-250 produkowany przez Alchemia-pharma we flakonach 10ml.
Popularna susta to mix testosteronów o stężeniu 250mg/ml, okres półtrwania to 7-8 dni.
W skład Sustabolu wchodzą 4 estry testosteronu: 100mg dekanianu testosteronu , 60mg fenylopropionanu , 60mg izokapropianu i 30mg propianu.
Gwarantuje to że susta szybko się inicjuje i wydłuża nam uwalnianie się testosteronu.
Testosteron jest bardzo anaboliczny i androgenny zarazem, sprzyja retencji azotu a co za tym idzie zwiększa szybkość w budowie mięśni i spalaniu tkanki tłuszczowej. Mówi się że testosteron jest nie tylko anaboliczny ale i antykataboliczny co daje takie efekty jak zwiększenie włókien mięśniowych ale i zmienia ich liczbę , na co wpływa wydzielanie Gh i igf-1.
Przy zażywaniu testosteronu wzrasta nam liczba produkcji krwinek czerwonych co powoduje zwiększenie wydolności organizmu.
Testosteron jest najpopularniejszym sterydem na świecie , chociaż posiada sporo skutków ubocznych , większość jest spowodowana tym że konwertuje do estrogenu, co skutkuje retencją wody , ginekomastią .
Podczas cyklu z użyciem testosteronów niezbędne jest przyjmowanie takich środków jak Nolvadex ,Aromasin, Arimidex które przeciw działają estrogenom.
Sustabol jest androgenny co może skutkować przetłuszczoną cerą , łysieniem , trądzik.
Aktywność w organizmie to nawet 3 tygodnie , ale zaleca się stosowanie 250mg raz w tygodniu, chociaż wiemy że dawkowanie to sprawa otwarta zależna od efektów jakie chcemy uzyskać i stażu treningowego.
";https://euro-sterydy.pl/wp-content/uploads/2020/02/sustabol-250-testosteron-mix-sustanon.jpg;https://euro-sterydy.pl/wp-content/uploads/2020/02/sustabol-250-testosteron-mix-sustanon-300x300.jpg;https://euro-sterydy.pl/product/sustabol-250test-mix250mg-ml-10ml/
9;TRENABOL-100(TRENABOL ACETATE)100MG/ML 10ml;Alchemia;170 ;;https://euro-sterydy.pl/wp-content/uploads/2020/02/trenabol-100trenabol-acetate-trenbolone.jpg;https://euro-sterydy.pl/wp-content/uploads/2020/02/trenabol-100trenabol-acetate-trenbolone-300x300.jpg;https://euro-sterydy.pl/product/trenabol-100trenabol-acetate100mg-ml-10ml/
10;TRENABOL-E(TRENABOL ENANTHATE)200MG/ML 10ml;Alchemia;200 ;"
Trenbolone Enanthate sprzedawane na naszej stronie są pakowane po 10ml , o stężeniu 200mg/ml.
Jeżeli chodzi o enana to jest to najsilniejszy z trenbolonów, stężenie 200mg w 1 ml daje świetne rezultaty .
Za jego siłę odpowiada dodatkowy ester , który odpowiada za spowolnienie czasu jego działania.
Jeżeli chodzi o trenbolon w wersji enanthat , jest to jeden z najmocniejszych sterydów na rynku , stosowany przez sportowców w końcowej fazie robienia rzeźby ale też podczas budowania masy mięśniowej.
Trenbolon Enanthat jest środkiem anabolicznym i androgennym , a jego największą zaletą jest bardzo długi okres półtrwania w organiźmie a mianowicie aż 8 dni , co daje nam komfort iniekcji raz w tygodniu.
Sam środek nie wykazuje właściwości aromatyzującej , a wśród największych zalet jest to że bez względu jakie węglowodany zjemy , białka itp, trenbolon wyciągnie z tego to co najlepsze, dzięki niemu posiłek staje się bardziej wartościowy dla organizmu.
Enanthat ma też tą super właściwość że bardzo korzystnie wpływa na retencję azotu i syntezę białek w organiźmie , co jak wiadome wpływa korzystnie na gabaryty i jakość budowanego mięśnia.
Większość sportowców wspomaga się trenbolonem ze względu na to że zwiększa produkcję czerwonych krwinek w organiźmie które odpowiadają za transport tlenu. Czyli stosowanie trenbolonu daje nam zwiększenie wydolności organizmu , stąd stosowanie go wśród dyscyplin wytrzymałościowych.
Jeżeli chodzi o skutki uboczne to trenbolon posiada ich niewiele , nie aromatyzuje , a ginekomastia występuje u osób bardzo na nią podatnych. Jedną z dokuczliwych wad trenbolonu jest to że tłumi on testosteron w organiźmie , dlatego po stosowaniu tego środka musi być zastosowany odpowiedni odblok (HCH , clomid).
Pamiętajmy że skutki uboczne trenbolonu są zależne od naszych dawek , jeżeli przesadzimy ,oprócz ginekomastii , może pojawić się trądzik i łysienie , choć te ostatnie zależne jest od tendencji organizmu osoby stosującej.
Na naszej stronie sprzedajemy Trenbolon Enanthate , 2 renomowanych firm takich jak Euro-pharmacies i Alchemia-pharma.
";https://euro-sterydy.pl/wp-content/uploads/2020/02/trenabol-etrenabol-enanthate200-trenbolone.jpg;https://euro-sterydy.pl/wp-content/uploads/2020/02/trenabol-etrenabol-enanthate200-trenbolone-300x300.jpg;https://euro-sterydy.pl/product/trenabol-etrenabol-enanthate200mg-ml-10ml/
11;10 amp-CIPANDROL – Testosteron C 200 mg/ml-(Balkan Pharmaceuticals);Balkan Pharmaceuticals;190 ;;https://euro-sterydy.pl/wp-content/uploads/2020/08/cipandrol.jpg;https://euro-sterydy.pl/wp-content/uploads/2020/08/cipandrol-300x300.jpg;https://euro-sterydy.pl/product/10-amp-cipandrol-testosteron-c-200-mg-ml-balkan-pharmaceuticals/
12;10 amp-DECANDROL – Nandrolon D  200 mg/ml-(Balkan Pharmaceuticals);Balkan Pharmaceuticals;200 ;;https://euro-sterydy.pl/wp-content/uploads/2020/08/decandrol.jpg;https://euro-sterydy.pl/wp-content/uploads/2020/08/decandrol-300x300.jpg;https://euro-sterydy.pl/product/10-amp-decandrol-nandrolon-d-200-mg-ml-balkan-pharmaceuticals/
13;10 amp-ENANDROL – Testosteron E 250mg/ml-(Balkan Pharmaceuticals);Balkan Pharmaceuticals;190 ;;https://euro-sterydy.pl/wp-content/uploads/2020/08/enandrol.jpg;https://euro-sterydy.pl/wp-content/uploads/2020/08/enandrol-300x300.jpg;https://euro-sterydy.pl/product/10-amp-enandrol-testosteron-e-250mg-ml-balkan-pharmaceuticals/
14;10 amp-PARABOLAN 100mg/ml-(Balkan Pharmaceuticals);Balkan Pharmaceuticals;300 ;;https://euro-sterydy.pl/wp-content/uploads/2020/08/parabolan.jpg;https://euro-sterydy.pl/wp-content/uploads/2020/08/parabolan-300x300.jpg;https://euro-sterydy.pl/product/10-amp-parabolan-100mg-ml-balkan-pharmaceuticals/
15;10 amp-PRIMOBOL 100mg/ml-(Balkan Pharmaceuticals);Balkan Pharmaceuticals;300 ;;https://euro-sterydy.pl/wp-content/uploads/2020/08/primobol.jpg;https://euro-sterydy.pl/wp-content/uploads/2020/08/primobol-300x300.jpg;https://euro-sterydy.pl/product/10-amp-primobol-100mg-ml-balkan-pharmaceuticals/
16;10 amp-PROPANDROL – Testosteron P 100mg/ml-(Balkan Pharmaceuticals);Balkan Pharmaceuticals;140 ;;https://euro-sterydy.pl/wp-content/uploads/2020/08/propandrol.jpg;https://euro-sterydy.pl/wp-content/uploads/2020/08/propandrol-300x300.jpg;https://euro-sterydy.pl/product/10-amp-propandrol-testosteron-p-100mg-ml-balkan-pharmaceuticals/
17;10 amp-STROMBAJECT AQUA Test 50 mg/ml-(Balkan Pharmaceuticals);Balkan Pharmaceuticals;200 ;;https://euro-sterydy.pl/wp-content/uploads/2020/08/strombaject.jpg;https://euro-sterydy.pl/wp-content/uploads/2020/08/strombaject-300x300.jpg;https://euro-sterydy.pl/product/10-amp-strombaject-aqua-test-50-mg-ml-balkan-pharmaceuticals/
18;10 amp-SUSTANDROL – Sustamed 250 mg 250mg/ml-(Balkan Pharmaceuticals);Balkan Pharmaceuticals;190 ;;https://euro-sterydy.pl/wp-content/uploads/2020/08/sustandrol.jpg;https://euro-sterydy.pl/wp-content/uploads/2020/08/sustandrol-300x300.jpg;https://euro-sterydy.pl/product/10-amp-sustandrol-250-mg-250mg-ml-balkan-pharmaceuticals/
19;Clenbuterol 40mcg/tab 100 tabs-(Balkan Pharmaceuticals);Balkan Pharmaceuticals;100 ;;https://euro-sterydy.pl/wp-content/uploads/2020/08/clenbuterol.jpg;https://euro-sterydy.pl/wp-content/uploads/2020/08/clenbuterol-300x300.jpg;https://euro-sterydy.pl/product/clenbuterol-40mcg-tab-100-tabs-balkan-pharmaceuticals/
20;Danabol 10 mg/tab 100 tabs-(Balkan Pharmaceuticals);Balkan Pharmaceuticals;120 ;;https://euro-sterydy.pl/wp-content/uploads/2020/08/danabol.jpg;https://euro-sterydy.pl/wp-content/uploads/2020/08/danabol-300x300.jpg;https://euro-sterydy.pl/product/danabol-10-mg-tab-100-tabs-balkan-pharmaceuticals/
21;Oxandrolon 10 mg/tab 25 tabs-(Balkan Pharmaceuticals) – 1 blister;Balkan Pharmaceuticals;110 ;;https://euro-sterydy.pl/wp-content/uploads/2020/08/oxandrolon.jpg;https://euro-sterydy.pl/wp-content/uploads/2020/08/oxandrolon-300x300.jpg;https://euro-sterydy.pl/product/oxandrolon-10-mg-tab-25-tabs-balkan-pharmaceuticals/
22;Strombafort 10 mg/tab 100 tabs-(Balkan Pharmaceuticals);Balkan Pharmaceuticals;130 ;;https://euro-sterydy.pl/wp-content/uploads/2020/08/strombafort.jpg;https://euro-sterydy.pl/wp-content/uploads/2020/08/strombafort-300x300.jpg;https://euro-sterydy.pl/product/strombafort-10-mg-tab-100-tabs-balkan-pharmaceuticals/
23;Turanabol 10 mg/tab 100tabs-(Balkan Pharmaceuticals);Balkan Pharmaceuticals;210 ;;https://euro-sterydy.pl/wp-content/uploads/2020/08/turanabol.jpg;https://euro-sterydy.pl/wp-content/uploads/2020/08/turanabol-300x300.jpg;https://euro-sterydy.pl/product/turanabol-10-mg-tab-100tabs-balkan-pharmaceuticals/
24;1-Testosterone Cypionate(DHB) – 100mg/ml 10ml/vial;EURO-PHARMACIES;165 ;"
1-TESTOSTERONE CYPIONATE (Dihydroboldenone)

Znane również jako DHB , charakteryzuje się przeważającym działaniem anabolicznym nad androgenicznym (stosunek czynnika anabolicznego do androgenicznego wynosi 200 do 100)

Ten ester ma okres działania w organiźmie około 5 dni  , wykrywalny jest do 8 dni. Więc zastrzyki można robić zarówno raz tygodniowo  jak i kilka razy w tygodniu

1-TESTOSTERONE CYPIONATE w dozie 200mg/ml ma zbliżone działanie do Parabolanuw dozie 500mg/ml  co redukuje częstotliwość iniekcji.

Wielką zaletą tego produktu jest brak procesu AROMATYZACJI  co minimalizuje wiele efektów ubocznych tego procesu (między innymi niepożądany wzrost estrogenu i retencję wody w organiźmie)

Produkt ten zapewnia wysoce efektywne wyniki u sportowców i kulturystów – między innymi bardzo wydajny przyrost suchej i świetnie zdefiniowanej masy mięśniowej. Zwiększa również wydolność i umożliwia intensywniejsze oraz dłuższe i efektywniejsze sesje treningowe.

DOZOWANIE:   Średnio od 200mg do 400mg tygodniowo (bez efektu aromatyzacji)
";https://euro-sterydy.pl/wp-content/uploads/2021/09/1-TESTOSTERONE-CYPIONATE-DHB.png;https://euro-sterydy.pl/wp-content/uploads/2021/09/1-TESTOSTERONE-CYPIONATE-DHB-300x300.png;https://euro-sterydy.pl/product/1-testosterone-cypionatedhb-100mg-ml-10ml-vial/
